{
  "A-PE": {
    "rmse": 1.1242474294449996e-05,
    "coverage": {
      "lambda_min_x": 0.7552659237510493,
      "lambda_min_phi": 0.0,
      "D_box": 1.366882560812338,
      "D2_corr": 1.373717089768687,
      "D_kNN": 1.7336759461634574,
      "corr_range": [
        0.2550740054457306,
        1.3461995617146492
      ],
      "corr_R2": 0.9993494871017343
    }
  },
  "OID": {
    "rmse": 2.919346025346059e-05,
    "coverage": {
      "lambda_min_x": 1.8564213455897725,
      "lambda_min_phi": 0.0,
      "D_box": 1.3404139066172012,
      "D2_corr": 1.5905939305142,
      "D_kNN": 1.6115940839618714,
      "corr_range": [
        0.4156507500219692,
        2.1023240869733475
      ],
      "corr_R2": 0.9979963185383585
    }
  },
  "G-PE": {
    "rmse": 5.334723024570242e-05,
    "coverage": {
      "lambda_min_x": 1.649390264550481,
      "lambda_min_phi": 0.0,
      "D_box": 1.3575602415562409,
      "D2_corr": 1.332083587032494,
      "D_kNN": 1.835806857525295,
      "corr_range": [
        0.303660134668801,
        1.672231637014772
      ],
      "corr_R2": 0.9946220510389989
    }
  },
  "HYBRID": {
    "rmse": 2.855625233374614e-05,
    "coverage": {
      "lambda_min_x": 1.669792645483482,
      "lambda_min_phi": 0.0,
      "D_box": 1.3707953038019467,
      "D2_corr": 1.5566055302634279,
      "D_kNN": 1.632311061585445,
      "corr_range": [
        0.38859864005173067,
        2.0038900966163165
      ],
      "corr_R2": 0.9998195978158201
    }
  }
}